,Accuracy,Log Loss,Execution Time (s)
Accuracy,1.0,-0.6690478715364814,0.27774502021727715
Log Loss,-0.6690478715364814,1.0,-0.31479800409763165
Execution Time (s),0.27774502021727715,-0.31479800409763165,1.0
