,Accuracy,Log Loss,Execution Time (s)
Accuracy,1.0,-0.8398074431916985,0.5794020344500866
Log Loss,-0.8398074431916985,1.0,-0.44242424242424244
Execution Time (s),0.5794020344500866,-0.44242424242424244,1.0
