Accuracy,Precision,Recall,F1-Score,ROC-AUC,MCC,Log Loss,Cohen's Kappa,Execution Time (s),CV Accuracy (Mean),CV Accuracy (Std Dev)
0.976391982182628,0.9766123316796598,0.9733929832823169,0.975,0.9975976380538509,0.9526419059879726,0.062343426094227924,0.9526372462769153,118.68655753135681,,
