Accuracy,Precision,Recall,F1-Score,ROC-AUC,MCC,Log Loss,Cohen's Kappa,Execution Time (s),CV Accuracy (Mean),CV Accuracy (Std Dev)
0.47293986636971047,0.47293986636971047,1.0,0.6421713162470704,0.5,0.0,8.402595705440643,0.0,787.2280349731445,,
