Accuracy,Precision,Recall,F1-Score,ROC-AUC,MCC,Log Loss,Cohen's Kappa,Execution Time (s),CV Accuracy (Mean),CV Accuracy (Std Dev)
0.8633630289532294,0.8715551181102362,0.8340004709206499,0.8523643364216099,0.9361112013496209,0.725925041442234,0.4507951317722634,0.7253156096088555,14.072628736495972,,
