Accuracy,Precision,Recall,F1-Score,ROC-AUC,MCC,Log Loss,Cohen's Kappa,Execution Time (s),CV Accuracy (Mean),CV Accuracy (Std Dev)
0.9,0.8333333333333334,1.0,0.9090909090909091,0.8800000000000001,0.816496580927726,0.45309885805080097,0.8,8.125170469284058,0.8,0.2449489742783178
