Accuracy,Precision,Recall,F1-Score,ROC-AUC,MCC,Log Loss,Cohen's Kappa,Execution Time (s),CV Accuracy (Mean),CV Accuracy (Std Dev)
0.7,0.75,0.6,0.6666666666666666,0.84,0.408248290463863,0.4820574204975019,0.4,0.7439014911651611,0.4,0.37416573867739417
