Accuracy,Precision,Recall,F1-Score,ROC-AUC,MCC,Log Loss,Cohen's Kappa,Execution Time (s),CV Accuracy (Mean),CV Accuracy (Std Dev)
0.9,0.8333333333333334,1.0,0.9090909090909091,1.0,0.816496580927726,0.22414397854981005,0.8,173.23645639419556,,
