Accuracy,Precision,Recall,F1-Score,ROC-AUC,MCC,Log Loss,Cohen's Kappa,Execution Time (s),CV Accuracy (Mean),CV Accuracy (Std Dev)
0.9,1.0,0.8,0.8888888888888888,1.0,0.816496580927726,0.18322856869734433,0.8,94.77200222015381,0.7,0.2449489742783178
