Accuracy,Precision,Recall,F1-Score,ROC-AUC,MCC,Log Loss,Cohen's Kappa,Execution Time (s),CV Accuracy (Mean),CV Accuracy (Std Dev)
0.8,0.7142857142857143,1.0,0.8333333333333334,0.84,0.6546536707079772,0.7282046825695228,0.6,6926.998201847076,0.5,0.0
