Accuracy,Precision,Recall,F1-Score,ROC-AUC,MCC,Log Loss,Cohen's Kappa,Execution Time (s),CV Accuracy (Mean),CV Accuracy (Std Dev)
0.9,0.8333333333333334,1.0,0.9090909090909091,0.9600000000000001,0.816496580927726,0.41621536432793443,0.8,1378.5437898635864,0.5,0.0
