Accuracy,Precision,Recall,F1-Score,ROC-AUC,MCC,Log Loss,Cohen's Kappa,Execution Time (s),CV Accuracy (Mean),CV Accuracy (Std Dev)
0.9,1.0,0.8,0.8888888888888888,1.0,0.816496580927726,0.3664691345665847,0.8,8.281822204589844,0.5,0.31622776601683794
