Accuracy,Precision,Recall,F1-Score,ROC-AUC,MCC,Log Loss,Cohen's Kappa,Execution Time (s),CV Accuracy (Mean),CV Accuracy (Std Dev)
0.6279510022271715,0.5963010204081632,0.6604662114433718,0.6267456150150821,0.6696863263517913,0.25915535411623697,0.6494377645427537,0.2578164309679418,37.32599329948425,,
