Accuracy,Precision,Recall,F1-Score,ROC-AUC,MCC,Log Loss,Cohen's Kappa,Execution Time (s),CV Accuracy (Mean),CV Accuracy (Std Dev)
0.4864864864864865,0.47619047619047616,0.5555555555555556,0.5128205128205128,0.48538011695906436,-0.023599744180159622,0.7022943138155002,-0.02328966521106257,1.6866183280944824,0.4,0.1324802642213672
