Accuracy,Precision,Recall,F1-Score,ROC-AUC,MCC,Log Loss,Cohen's Kappa,Execution Time (s),CV Accuracy (Mean),CV Accuracy (Std Dev)
0.6652561247216036,0.6564154272750189,0.6131386861313869,0.6340394448502557,0.7160273112087521,0.3269094130998629,0.6172819545121803,0.3262650332493702,0.06799983978271484,0.6636971046770601,0.006981036979357458
