Accuracy,Precision,Recall,F1-Score,ROC-AUC,MCC,Log Loss,Cohen's Kappa,Execution Time (s),CV Accuracy (Mean),CV Accuracy (Std Dev)
0.4864864864864865,0.0,0.0,0.0,0.3771929824561404,-0.16222142113076254,0.6945501771913558,-0.05397301349325345,12.861155271530151,,
