Accuracy,Precision,Recall,F1-Score,ROC-AUC,MCC,Log Loss,Cohen's Kappa,Execution Time (s),CV Accuracy (Mean),CV Accuracy (Std Dev)
0.4864864864864865,0.4864864864864865,1.0,0.6545454545454545,0.3274853801169591,0.0,0.6957285242280505,0.0,7.647760629653931,,
