Accuracy,Precision,Recall,F1-Score,ROC-AUC,MCC,Log Loss,Cohen's Kappa,Execution Time (s),CV Accuracy (Mean),CV Accuracy (Std Dev)
0.5752783964365256,0.5564831724497783,0.5022368730868848,0.527970297029703,0.6033755399157984,0.14440124483342018,0.6761155204739181,0.14377622222381103,9.171034097671509,0.5713808463251671,0.012854079314483808
