Accuracy,Precision,Recall,F1-Score,ROC-AUC,MCC,Log Loss,Cohen's Kappa,Execution Time (s),CV Accuracy (Mean),CV Accuracy (Std Dev)
0.6,0.5555555555555556,1.0,0.7142857142857143,0.9600000000000001,0.3333333333333333,0.5775391391407638,0.19999999999999996,0.190446138381958,0.4,0.20000000000000004
