Accuracy,Precision,Recall,F1-Score,ROC-AUC,MCC,Log Loss,Cohen's Kappa,Execution Time (s),CV Accuracy (Mean),CV Accuracy (Std Dev)
0.9,1.0,0.8,0.8888888888888888,0.8400000000000001,0.816496580927726,0.45997546108514664,0.8,16.283998727798462,0.9,0.2
