Accuracy,Precision,Recall,F1-Score,ROC-AUC,MCC,Log Loss,Cohen's Kappa,Execution Time (s),CV Accuracy (Mean),CV Accuracy (Std Dev)
0.7,0.6666666666666666,0.8,0.7272727272727273,0.8,0.408248290463863,0.5592687780255909,0.4,1.4269990921020508,0.6,0.20000000000000004
