Accuracy,Precision,Recall,F1-Score,ROC-AUC,MCC,Log Loss,Cohen's Kappa,Execution Time (s),CV Accuracy (Mean),CV Accuracy (Std Dev)
0.8,1.0,0.6,0.75,0.8400000000000001,0.6546536707079772,1.0707711278705419,0.6,60.08200240135193,0.8,0.2449489742783178
