Accuracy,Precision,Recall,F1-Score,ROC-AUC,MCC,Log Loss,Cohen's Kappa,Execution Time (s),CV Accuracy (Mean),CV Accuracy (Std Dev)
0.8,0.7142857142857143,1.0,0.8333333333333334,1.0,0.6546536707079772,0.39522475770280546,0.6,1203.618000984192,,
