Accuracy,Precision,Recall,F1-Score,ROC-AUC,MCC,Log Loss,Cohen's Kappa,Execution Time (s),CV Accuracy (Mean),CV Accuracy (Std Dev)
0.7,1.0,0.4,0.5714285714285714,0.8400000000000001,0.5,0.6171159656164094,0.4,1.2210257053375244,0.6,0.37416573867739417
