Accuracy,Precision,Recall,F1-Score,ROC-AUC,MCC,Log Loss,Cohen's Kappa,Execution Time (s),CV Accuracy (Mean),CV Accuracy (Std Dev)
0.5,0.5,0.4,0.4444444444444444,0.6799999999999999,0.0,1.5231861967372005,0.0,0.028001070022583008,0.3,0.24494897427831783
