Accuracy,Precision,Recall,F1-Score,ROC-AUC,MCC,Log Loss,Cohen's Kappa,Execution Time (s),CV Accuracy (Mean),CV Accuracy (Std Dev)
0.6787305122494433,0.6712776659959758,0.628443607252178,0.6491548096801654,0.7518105396578518,0.3541090140529761,0.6466076099321724,0.3534553539226315,58.20377254486084,0.6094654788418709,0.013747711028892617
