Accuracy,Precision,Recall,F1-Score,ROC-AUC,MCC,Log Loss,Cohen's Kappa,Execution Time (s),CV Accuracy (Mean),CV Accuracy (Std Dev)
0.9793986636971047,0.97122969837587,0.9856369201789499,0.9783802734603249,0.9980153525305717,0.9588025356045309,0.05617041775417398,0.9587077383781162,0.4402034282684326,,
