Accuracy,Precision,Recall,F1-Score,ROC-AUC,MCC,Log Loss,Cohen's Kappa,Execution Time (s),CV Accuracy (Mean),CV Accuracy (Std Dev)
0.9593541202672605,0.950139146567718,0.9646809512597128,0.9573548311718659,0.9936209305672623,0.9186301312375774,0.10341155957459347,0.9185334520133027,106.72868037223816,0.9299554565701559,0.005239772987090679
