Precision,Recall
0.5,1.0
0.5555555555555556,1.0
0.5,0.8
0.42857142857142855,0.6
0.5,0.6
0.6,0.6
0.75,0.6
1.0,0.6
1.0,0.4
1.0,0.2
1.0,0.0
