Accuracy,Precision,Recall,F1-Score,ROC-AUC,MCC,Log Loss,Cohen's Kappa,Execution Time (s),CV Accuracy (Mean),CV Accuracy (Std Dev)
0.7,0.75,0.6,0.6666666666666666,0.6799999999999999,0.408248290463863,0.5940836282692192,0.4,2199.5860028266907,,
