Accuracy,Precision,Recall,F1-Score,ROC-AUC,MCC,Log Loss,Cohen's Kappa,Execution Time (s),CV Accuracy (Mean),CV Accuracy (Std Dev)
0.9,0.8333333333333334,1.0,0.9090909090909091,0.9800000000000001,0.816496580927726,0.6852066633218168,0.8,121.96499967575073,,
