Accuracy,Precision,Recall,F1-Score,ROC-AUC,MCC,Log Loss,Cohen's Kappa,Execution Time (s),CV Accuracy (Mean),CV Accuracy (Std Dev)
0.9,1.0,0.8,0.8888888888888888,1.0,0.816496580927726,0.42032391632769733,0.8,0.3750290870666504,0.3,0.24494897427831783
