Accuracy,Precision,Recall,F1-Score,ROC-AUC,MCC,Log Loss,Cohen's Kappa,Execution Time (s),CV Accuracy (Mean),CV Accuracy (Std Dev)
0.9971789161098737,0.9959330517753793,0.9981188274024142,0.9970247416222988,0.9997114085097437,0.9943448070883543,0.015107462129543316,0.994342647241873,2412.9252853393555,0.9962138084632517,0.0013465743984571016
