Accuracy,Precision,Recall,F1-Score,ROC-AUC,MCC,Log Loss,Cohen's Kappa,Execution Time (s),CV Accuracy (Mean),CV Accuracy (Std Dev)
0.6589086859688196,0.6537662337662338,0.5926536378620203,0.6217117450907743,0.7289612369024883,0.31376203567895755,1.3795942908079084,0.3125139343090432,0.13300013542175293,0.6673719376391982,0.007972838449741112
