Accuracy,Precision,Recall,F1-Score,ROC-AUC,MCC,Log Loss,Cohen's Kappa,Execution Time (s),CV Accuracy (Mean),CV Accuracy (Std Dev)
0.5269487750556793,0.4,0.0004709206498704968,0.0009407337723424271,0.5528955675004257,-0.0034482575105482206,0.6915325490692422,-0.00017173350421062494,3.3181753158569336,0.5267260579064588,0.0006099360328565216
