Accuracy,Precision,Recall,F1-Score,ROC-AUC,MCC,Log Loss,Cohen's Kappa,Execution Time (s),CV Accuracy (Mean),CV Accuracy (Std Dev)
0.6242761692650334,0.6161831248336439,0.5450906522251001,0.5784607696151924,0.6660575111221796,0.2433334032757688,0.6573568179583452,0.24185394831473406,51.62449765205383,0.6044543429844097,0.004950136029152078
