F1-Score,ROC-AUC,MCC,Log Loss,Cohen's Kappa,Execution Time (s)
0.9918737486750677,0.9991575564879668,0.9845870351638549,0.026695083779416918,0.9845868140818839,0.499664306640625
