F1-Score,ROC-AUC,MCC,Log Loss,Cohen's Kappa,Execution Time (s)
0.9957259249365567,0.9987677828497646,0.9918393907896099,0.022665923004038677,0.9918367767007634,0.018997669219970703
