F1-Score,ROC-AUC,MCC,Log Loss,Cohen's Kappa,Execution Time (s)
0.9977654945313419,0.999719268410393,0.9957584167448584,0.009882564726197925,0.9957564050129636,0.015000343322753906
