,Accuracy,Precision,Recall,F1-Score,ROC-AUC,MCC,Cohen's Kappa,AUC-PR
Accuracy,1.0,0.8656370656370657,-0.12843350911116663,0.7281853281853282,0.7196911196911197,0.9814671814671815,0.9899613899613899,0.6555984555984556
Precision,0.8656370656370657,1.0,-0.18259221777250195,0.6671814671814672,0.5768339768339769,0.8694980694980695,0.8965250965250965,0.532046332046332
Recall,-0.12843350911116663,-0.18259221777250195,1.0,0.5145077322826855,-0.09748567559040358,-0.1292072049491857,-0.2003872220469407,-0.1129595923507851
F1-Score,0.7281853281853282,0.6671814671814672,0.5145077322826855,1.0,0.40077220077220077,0.7343629343629343,0.6864864864864865,0.3436293436293436
ROC-AUC,0.7196911196911197,0.5768339768339769,-0.09748567559040358,0.40077220077220077,1.0,0.6633204633204633,0.6841698841698842,0.9691119691119691
MCC,0.9814671814671815,0.8694980694980695,-0.1292072049491857,0.7343629343629343,0.6633204633204633,1.0,0.9706563706563707,0.6030888030888031
Cohen's Kappa,0.9899613899613899,0.8965250965250965,-0.2003872220469407,0.6864864864864865,0.6841698841698842,0.9706563706563707,1.0,0.6193050193050194
AUC-PR,0.6555984555984556,0.532046332046332,-0.1129595923507851,0.3436293436293436,0.9691119691119691,0.6030888030888031,0.6193050193050194,1.0
