Accuracy,Precision,Recall,F1-Score,ROC-AUC,MCC,Log Loss,Cohen's Kappa,Execution Time (s),CV Accuracy (Mean),CV Accuracy (Std Dev)
0.4864864864864865,0.4864864864864865,1.0,0.6545454545454545,0.7690058479532165,0.0,0.6930433201714687,0.0,7.302347898483276,,
