Accuracy,Precision,Recall,F1-Score,ROC-AUC,MCC,Log Loss,Cohen's Kappa,Execution Time (s),CV Accuracy (Mean),CV Accuracy (Std Dev)
0.4864864864864865,0.4864864864864865,1.0,0.6545454545454545,0.7894736842105263,0.0,0.702151644997571,0.0,12.913912296295166,,
