Accuracy,Precision,Recall,F1-Score,ROC-AUC,MCC,Log Loss,Cohen's Kappa,Execution Time (s),CV Accuracy (Mean),CV Accuracy (Std Dev)
0.6227171492204899,0.6277893484082119,0.49682128561337413,0.5546792849631966,0.6608986763925926,0.23987304662297135,0.6508659623455841,0.23502419043422695,0.3540341854095459,,
