Accuracy,Precision,Recall,F1-Score,ROC-AUC,MCC,Log Loss,Cohen's Kappa,Execution Time (s),CV Accuracy (Mean),CV Accuracy (Std Dev)
0.7789532293986637,0.7870558375634518,0.7301624676242053,0.7575424453401735,0.8558582334824185,0.5562753494753273,0.5885386583281427,0.554956070596636,4.36413049697876,0.7271714922048998,0.0045096785593132785
