Accuracy,Precision,Recall,F1-Score,ROC-AUC,MCC,Log Loss,Cohen's Kappa,Execution Time (s),CV Accuracy (Mean),CV Accuracy (Std Dev)
0.7297327394209354,0.6690193164933135,0.8481280904167647,0.7480012459765341,0.8240318628115515,0.4805534708581712,0.5679089240452813,0.465228095008662,0.9619998931884766,0.7140311804008909,0.00436434698046
