Accuracy,Precision,Recall,F1-Score,ROC-AUC,MCC,Log Loss,Cohen's Kappa,Execution Time (s),CV Accuracy (Mean),CV Accuracy (Std Dev)
0.6310690423162584,0.6457553058676654,0.48716741229102895,0.5553616964165884,0.6724970500298715,0.2577995503493102,0.6548192403161032,0.2505205414739775,6.286679029464722,0.6214922048997773,0.012246405778504702
