Accuracy,Precision,Recall,F1-Score,ROC-AUC,MCC,Log Loss,Cohen's Kappa,Execution Time (s),CV Accuracy (Mean),CV Accuracy (Std Dev)
0.6766851655546549,0.7577859199162523,0.6346301369863013,0.690761615077235,0.7469494070268899,0.36372671263867823,0.6147475388629108,0.35753308656300486,258.05797266960144,0.6747522564029589,0.006387811897934882
