Accuracy,Precision,Recall,F1-Score,ROC-AUC,MCC,Log Loss,Cohen's Kappa,Execution Time (s),CV Accuracy (Mean),CV Accuracy (Std Dev)
0.6269487750556793,0.6164632562970657,0.5589828113962797,0.5863176092862435,0.6761320838397953,0.2490921534880021,0.64160947515783,0.24810631916113424,7.097926378250122,0.5440979955456571,0.010642757507323259
