Accuracy,Precision,Recall,F1-Score,ROC-AUC,MCC,Log Loss,Cohen's Kappa,Execution Time (s),CV Accuracy (Mean),CV Accuracy (Std Dev)
0.9667037861915367,0.9470108695652174,0.9846950788792088,0.9654853976682443,0.9923603745893684,0.9340111498718581,0.10886286771725803,0.9333481215828445,0.5384879112243652,,
