Accuracy,Precision,Recall,F1-Score,ROC-AUC,MCC,Log Loss,Cohen's Kappa,Execution Time (s),CV Accuracy (Mean),CV Accuracy (Std Dev)
0.9998886414253898,0.9997645951035782,1.0,0.999882283696292,0.9999997512567875,0.9997766562366954,0.001218000628405759,0.9997766312954778,1.4763202667236328,,
